token,Y.ei_C_F1,Y.ei_E_F1
1,443.5578546,375.2408536
2,448.8603348,362.0526451
3,428.6377072,387.38204
4,455.0043519,390.1665933
5,446.8717378,398.2411314
6,471.2645023,402.5158678
